"location","gender","visa_type","visa_total"
강남구,남,문화예술(D-1),"0"
강남구,남,구직(D-10),"38"
강남구,남,유학(D-2),"55"
강남구,남,기술연수(D-3),"0"
강남구,남,일반연수(D-4),"49"
강남구,남,취재(D-5),"0"
강남구,남,종교(D-6),"3"
강남구,남,주재(D-7),"45"
강남구,남,기업투자(D-8),"326"
강남구,남,무역경영(D-9),"25"
강남구,남,교수(E-1),"8"
강남구,남,선원취업(E-10),"0"
강남구,남,회화(E-2),"237"
강남구,남,연구(E-3),"21"
강남구,남,기술지도(E-4),"0"
강남구,남,전문직업(E-5),"4"
강남구,남,예술흥행(E-6),"48"
강남구,남,특정활동(E-7),"637"
강남구,남,비전문취업(E-9),"68"
강남구,남,방문동거(F-1),"121"
강남구,남,거주(F-2),"94"
강남구,남,동반(F-3),"66"
강남구,남,영주(F-5),"219"
강남구,남,결혼이민(F-6),"162"
강남구,남,기타(G-1),"39"
강남구,남,관광취업(H-1),"22"
강남구,남,방문취업(H-2),"174"
강남구,남,기타,"38"
강남구,여,문화예술(D-1),"0"
강남구,여,구직(D-10),"50"
강남구,여,유학(D-2),"177"
강남구,여,기술연수(D-3),"1"
강남구,여,일반연수(D-4),"83"
강남구,여,취재(D-5),"1"
강남구,여,종교(D-6),"0"
강남구,여,주재(D-7),"4"
강남구,여,기업투자(D-8),"35"
강남구,여,무역경영(D-9),"2"
강남구,여,교수(E-1),"1"
강남구,여,선원취업(E-10),"0"
강남구,여,회화(E-2),"278"
강남구,여,연구(E-3),"0"
강남구,여,기술지도(E-4),"0"
강남구,여,전문직업(E-5),"0"
강남구,여,예술흥행(E-6),"53"
강남구,여,특정활동(E-7),"176"
강남구,여,비전문취업(E-9),"15"
강남구,여,방문동거(F-1),"131"
강남구,여,거주(F-2),"132"
강남구,여,동반(F-3),"160"
강남구,여,영주(F-5),"339"
강남구,여,결혼이민(F-6),"359"
강남구,여,기타(G-1),"30"
강남구,여,관광취업(H-1),"68"
강남구,여,방문취업(H-2),"273"
강남구,여,기타,"21"
강동구,남,문화예술(D-1),"0"
강동구,남,구직(D-10),"10"
강동구,남,유학(D-2),"15"
강동구,남,기술연수(D-3),"0"
강동구,남,일반연수(D-4),"31"
강동구,남,취재(D-5),"0"
강동구,남,종교(D-6),"1"
강동구,남,주재(D-7),"1"
강동구,남,기업투자(D-8),"16"
강동구,남,무역경영(D-9),"2"
강동구,남,교수(E-1),"3"
강동구,남,선원취업(E-10),"0"
강동구,남,회화(E-2),"58"
강동구,남,연구(E-3),"2"
강동구,남,기술지도(E-4),"0"
강동구,남,전문직업(E-5),"0"
강동구,남,예술흥행(E-6),"1"
강동구,남,특정활동(E-7),"54"
강동구,남,비전문취업(E-9),"211"
강동구,남,방문동거(F-1),"168"
강동구,남,거주(F-2),"74"
강동구,남,동반(F-3),"31"
강동구,남,영주(F-5),"324"
강동구,남,결혼이민(F-6),"122"
강동구,남,기타(G-1),"26"
강동구,남,관광취업(H-1),"1"
강동구,남,방문취업(H-2),"769"
강동구,남,기타,"2"
강동구,여,문화예술(D-1),"0"
강동구,여,구직(D-10),"12"
강동구,여,유학(D-2),"34"
강동구,여,기술연수(D-3),"2"
강동구,여,일반연수(D-4),"28"
강동구,여,취재(D-5),"0"
강동구,여,종교(D-6),"1"
강동구,여,주재(D-7),"1"
강동구,여,기업투자(D-8),"1"
강동구,여,무역경영(D-9),"0"
강동구,여,교수(E-1),"0"
강동구,여,선원취업(E-10),"0"
강동구,여,회화(E-2),"72"
강동구,여,연구(E-3),"0"
강동구,여,기술지도(E-4),"0"
강동구,여,전문직업(E-5),"0"
강동구,여,예술흥행(E-6),"0"
강동구,여,특정활동(E-7),"16"
강동구,여,비전문취업(E-9),"22"
강동구,여,방문동거(F-1),"272"
강동구,여,거주(F-2),"111"
강동구,여,동반(F-3),"44"
강동구,여,영주(F-5),"479"
강동구,여,결혼이민(F-6),"502"
강동구,여,기타(G-1),"7"
강동구,여,관광취업(H-1),"2"
강동구,여,방문취업(H-2),"607"
강동구,여,기타,"1"
강북구,남,문화예술(D-1),"0"
강북구,남,구직(D-10),"20"
강북구,남,유학(D-2),"139"
강북구,남,기술연수(D-3),"0"
강북구,남,일반연수(D-4),"79"
강북구,남,취재(D-5),"1"
강북구,남,종교(D-6),"11"
강북구,남,주재(D-7),"0"
강북구,남,기업투자(D-8),"6"
강북구,남,무역경영(D-9),"4"
강북구,남,교수(E-1),"15"
강북구,남,선원취업(E-10),"0"
강북구,남,회화(E-2),"23"
강북구,남,연구(E-3),"1"
강북구,남,기술지도(E-4),"0"
강북구,남,전문직업(E-5),"0"
강북구,남,예술흥행(E-6),"0"
강북구,남,특정활동(E-7),"18"
강북구,남,비전문취업(E-9),"27"
강북구,남,방문동거(F-1),"133"
강북구,남,거주(F-2),"70"
강북구,남,동반(F-3),"44"
강북구,남,영주(F-5),"249"
강북구,남,결혼이민(F-6),"113"
강북구,남,기타(G-1),"33"
강북구,남,관광취업(H-1),"2"
강북구,남,방문취업(H-2),"343"
강북구,남,기타,"3"
강북구,여,문화예술(D-1),"0"
강북구,여,구직(D-10),"39"
강북구,여,유학(D-2),"273"
강북구,여,기술연수(D-3),"2"
강북구,여,일반연수(D-4),"108"
강북구,여,취재(D-5),"0"
강북구,여,종교(D-6),"8"
강북구,여,주재(D-7),"0"
강북구,여,기업투자(D-8),"3"
강북구,여,무역경영(D-9),"0"
강북구,여,교수(E-1),"6"
강북구,여,선원취업(E-10),"0"
강북구,여,회화(E-2),"37"
강북구,여,연구(E-3),"0"
강북구,여,기술지도(E-4),"0"
강북구,여,전문직업(E-5),"0"
강북구,여,예술흥행(E-6),"1"
강북구,여,특정활동(E-7),"18"
강북구,여,비전문취업(E-9),"17"
강북구,여,방문동거(F-1),"211"
강북구,여,거주(F-2),"100"
강북구,여,동반(F-3),"45"
강북구,여,영주(F-5),"426"
강북구,여,결혼이민(F-6),"578"
강북구,여,기타(G-1),"17"
강북구,여,관광취업(H-1),"18"
강북구,여,방문취업(H-2),"280"
강북구,여,기타,"2"
강서구,남,문화예술(D-1),"0"
강서구,남,구직(D-10),"17"
강서구,남,유학(D-2),"45"
강서구,남,기술연수(D-3),"0"
강서구,남,일반연수(D-4),"42"
강서구,남,취재(D-5),"0"
강서구,남,종교(D-6),"4"
강서구,남,주재(D-7),"18"
강서구,남,기업투자(D-8),"37"
강서구,남,무역경영(D-9),"6"
강서구,남,교수(E-1),"3"
강서구,남,선원취업(E-10),"0"
강서구,남,회화(E-2),"51"
강서구,남,연구(E-3),"2"
강서구,남,기술지도(E-4),"50"
강서구,남,전문직업(E-5),"504"
강서구,남,예술흥행(E-6),"5"
강서구,남,특정활동(E-7),"81"
강서구,남,비전문취업(E-9),"193"
강서구,남,방문동거(F-1),"284"
강서구,남,거주(F-2),"149"
강서구,남,동반(F-3),"33"
강서구,남,영주(F-5),"625"
강서구,남,결혼이민(F-6),"271"
강서구,남,기타(G-1),"30"
강서구,남,관광취업(H-1),"5"
강서구,남,방문취업(H-2),"730"
강서구,남,기타,"1"
강서구,여,문화예술(D-1),"0"
강서구,여,구직(D-10),"33"
강서구,여,유학(D-2),"68"
강서구,여,기술연수(D-3),"1"
강서구,여,일반연수(D-4),"65"
강서구,여,취재(D-5),"0"
강서구,여,종교(D-6),"6"
강서구,여,주재(D-7),"1"
강서구,여,기업투자(D-8),"6"
강서구,여,무역경영(D-9),"1"
강서구,여,교수(E-1),"4"
강서구,여,선원취업(E-10),"0"
강서구,여,회화(E-2),"75"
강서구,여,연구(E-3),"0"
강서구,여,기술지도(E-4),"0"
강서구,여,전문직업(E-5),"3"
강서구,여,예술흥행(E-6),"1"
강서구,여,특정활동(E-7),"50"
강서구,여,비전문취업(E-9),"10"
강서구,여,방문동거(F-1),"408"
강서구,여,거주(F-2),"188"
강서구,여,동반(F-3),"84"
강서구,여,영주(F-5),"885"
강서구,여,결혼이민(F-6),"904"
강서구,여,기타(G-1),"7"
강서구,여,관광취업(H-1),"21"
강서구,여,방문취업(H-2),"553"
강서구,여,기타,"4"
관악구,남,문화예술(D-1),"9"
관악구,남,구직(D-10),"63"
관악구,남,유학(D-2),"705"
관악구,남,기술연수(D-3),"2"
관악구,남,일반연수(D-4),"177"
관악구,남,취재(D-5),"0"
관악구,남,종교(D-6),"9"
관악구,남,주재(D-7),"0"
관악구,남,기업투자(D-8),"17"
관악구,남,무역경영(D-9),"4"
관악구,남,교수(E-1),"61"
관악구,남,선원취업(E-10),"0"
관악구,남,회화(E-2),"72"
관악구,남,연구(E-3),"101"
관악구,남,기술지도(E-4),"0"
관악구,남,전문직업(E-5),"0"
관악구,남,예술흥행(E-6),"3"
관악구,남,특정활동(E-7),"149"
관악구,남,비전문취업(E-9),"70"
관악구,남,방문동거(F-1),"685"
관악구,남,거주(F-2),"410"
관악구,남,동반(F-3),"91"
관악구,남,영주(F-5),"1751"
관악구,남,결혼이민(F-6),"410"
관악구,남,기타(G-1),"28"
관악구,남,관광취업(H-1),"24"
관악구,남,방문취업(H-2),"3487"
관악구,남,기타,"17"
관악구,여,문화예술(D-1),"10"
관악구,여,구직(D-10),"127"
관악구,여,유학(D-2),"1057"
관악구,여,기술연수(D-3),"0"
관악구,여,일반연수(D-4),"500"
관악구,여,취재(D-5),"0"
관악구,여,종교(D-6),"3"
관악구,여,주재(D-7),"0"
관악구,여,기업투자(D-8),"6"
관악구,여,무역경영(D-9),"2"
관악구,여,교수(E-1),"28"
관악구,여,선원취업(E-10),"0"
관악구,여,회화(E-2),"76"
관악구,여,연구(E-3),"30"
관악구,여,기술지도(E-4),"0"
관악구,여,전문직업(E-5),"0"
관악구,여,예술흥행(E-6),"7"
관악구,여,특정활동(E-7),"130"
관악구,여,비전문취업(E-9),"15"
관악구,여,방문동거(F-1),"864"
관악구,여,거주(F-2),"533"
관악구,여,동반(F-3),"179"
관악구,여,영주(F-5),"2053"
관악구,여,결혼이민(F-6),"905"
관악구,여,기타(G-1),"21"
관악구,여,관광취업(H-1),"91"
관악구,여,방문취업(H-2),"2642"
관악구,여,기타,"8"
광진구,남,문화예술(D-1),"1"
광진구,남,구직(D-10),"87"
광진구,남,유학(D-2),"1342"
광진구,남,기술연수(D-3),"0"
광진구,남,일반연수(D-4),"305"
광진구,남,취재(D-5),"0"
광진구,남,종교(D-6),"13"
광진구,남,주재(D-7),"5"
광진구,남,기업투자(D-8),"36"
광진구,남,무역경영(D-9),"9"
광진구,남,교수(E-1),"60"
광진구,남,선원취업(E-10),"0"
광진구,남,회화(E-2),"44"
광진구,남,연구(E-3),"43"
광진구,남,기술지도(E-4),"0"
광진구,남,전문직업(E-5),"1"
광진구,남,예술흥행(E-6),"29"
광진구,남,특정활동(E-7),"133"
광진구,남,비전문취업(E-9),"41"
광진구,남,방문동거(F-1),"402"
광진구,남,거주(F-2),"269"
광진구,남,동반(F-3),"215"
광진구,남,영주(F-5),"909"
광진구,남,결혼이민(F-6),"177"
광진구,남,기타(G-1),"38"
광진구,남,관광취업(H-1),"4"
광진구,남,방문취업(H-2),"2062"
광진구,남,기타,"6"
광진구,여,문화예술(D-1),"0"
광진구,여,구직(D-10),"199"
광진구,여,유학(D-2),"2346"
광진구,여,기술연수(D-3),"0"
광진구,여,일반연수(D-4),"685"
광진구,여,취재(D-5),"0"
광진구,여,종교(D-6),"3"
광진구,여,주재(D-7),"1"
광진구,여,기업투자(D-8),"6"
광진구,여,무역경영(D-9),"1"
광진구,여,교수(E-1),"6"
광진구,여,선원취업(E-10),"0"
광진구,여,회화(E-2),"58"
광진구,여,연구(E-3),"10"
광진구,여,기술지도(E-4),"0"
광진구,여,전문직업(E-5),"0"
광진구,여,예술흥행(E-6),"24"
광진구,여,특정활동(E-7),"116"
광진구,여,비전문취업(E-9),"43"
광진구,여,방문동거(F-1),"529"
광진구,여,거주(F-2),"356"
광진구,여,동반(F-3),"233"
광진구,여,영주(F-5),"1170"
광진구,여,결혼이민(F-6),"618"
광진구,여,기타(G-1),"21"
광진구,여,관광취업(H-1),"41"
광진구,여,방문취업(H-2),"1897"
광진구,여,기타,"1"
구로구,남,문화예술(D-1),"0"
구로구,남,구직(D-10),"42"
구로구,남,유학(D-2),"110"
구로구,남,기술연수(D-3),"3"
구로구,남,일반연수(D-4),"132"
구로구,남,취재(D-5),"0"
구로구,남,종교(D-6),"1"
구로구,남,주재(D-7),"5"
구로구,남,기업투자(D-8),"68"
구로구,남,무역경영(D-9),"4"
구로구,남,교수(E-1),"3"
구로구,남,선원취업(E-10),"1"
구로구,남,회화(E-2),"30"
구로구,남,연구(E-3),"7"
구로구,남,기술지도(E-4),"0"
구로구,남,전문직업(E-5),"0"
구로구,남,예술흥행(E-6),"3"
구로구,남,특정활동(E-7),"102"
구로구,남,비전문취업(E-9),"214"
구로구,남,방문동거(F-1),"1476"
구로구,남,거주(F-2),"852"
구로구,남,동반(F-3),"27"
구로구,남,영주(F-5),"3567"
구로구,남,결혼이민(F-6),"760"
구로구,남,기타(G-1),"461"
구로구,남,관광취업(H-1),"6"
구로구,남,방문취업(H-2),"9505"
구로구,남,기타,"4"
구로구,여,문화예술(D-1),"0"
구로구,여,구직(D-10),"47"
구로구,여,유학(D-2),"172"
구로구,여,기술연수(D-3),"5"
구로구,여,일반연수(D-4),"77"
구로구,여,취재(D-5),"0"
구로구,여,종교(D-6),"7"
구로구,여,주재(D-7),"1"
구로구,여,기업투자(D-8),"4"
구로구,여,무역경영(D-9),"2"
구로구,여,교수(E-1),"2"
구로구,여,선원취업(E-10),"0"
구로구,여,회화(E-2),"33"
구로구,여,연구(E-3),"2"
구로구,여,기술지도(E-4),"0"
구로구,여,전문직업(E-5),"0"
구로구,여,예술흥행(E-6),"0"
구로구,여,특정활동(E-7),"51"
구로구,여,비전문취업(E-9),"39"
구로구,여,방문동거(F-1),"1809"
구로구,여,거주(F-2),"879"
구로구,여,동반(F-3),"44"
구로구,여,영주(F-5),"3555"
구로구,여,결혼이민(F-6),"1137"
구로구,여,기타(G-1),"322"
구로구,여,관광취업(H-1),"23"
구로구,여,방문취업(H-2),"5220"
구로구,여,기타,"3"
금천구,남,문화예술(D-1),"0"
금천구,남,구직(D-10),"16"
금천구,남,유학(D-2),"31"
금천구,남,기술연수(D-3),"6"
금천구,남,일반연수(D-4),"27"
금천구,남,취재(D-5),"1"
금천구,남,종교(D-6),"1"
금천구,남,주재(D-7),"7"
금천구,남,기업투자(D-8),"24"
금천구,남,무역경영(D-9),"2"
금천구,남,교수(E-1),"0"
금천구,남,선원취업(E-10),"0"
금천구,남,회화(E-2),"13"
금천구,남,연구(E-3),"7"
금천구,남,기술지도(E-4),"0"
금천구,남,전문직업(E-5),"0"
금천구,남,예술흥행(E-6),"12"
금천구,남,특정활동(E-7),"75"
금천구,남,비전문취업(E-9),"336"
금천구,남,방문동거(F-1),"871"
금천구,남,거주(F-2),"380"
금천구,남,동반(F-3),"27"
금천구,남,영주(F-5),"2061"
금천구,남,결혼이민(F-6),"438"
금천구,남,기타(G-1),"83"
금천구,남,관광취업(H-1),"1"
금천구,남,방문취업(H-2),"5859"
금천구,남,기타,"0"
금천구,여,문화예술(D-1),"0"
금천구,여,구직(D-10),"20"
금천구,여,유학(D-2),"64"
금천구,여,기술연수(D-3),"8"
금천구,여,일반연수(D-4),"24"
금천구,여,취재(D-5),"0"
금천구,여,종교(D-6),"0"
금천구,여,주재(D-7),"0"
금천구,여,기업투자(D-8),"3"
금천구,여,무역경영(D-9),"1"
금천구,여,교수(E-1),"0"
금천구,여,선원취업(E-10),"0"
금천구,여,회화(E-2),"19"
금천구,여,연구(E-3),"0"
금천구,여,기술지도(E-4),"0"
금천구,여,전문직업(E-5),"0"
금천구,여,예술흥행(E-6),"8"
금천구,여,특정활동(E-7),"26"
금천구,여,비전문취업(E-9),"57"
금천구,여,방문동거(F-1),"1141"
금천구,여,거주(F-2),"460"
금천구,여,동반(F-3),"41"
금천구,여,영주(F-5),"2056"
금천구,여,결혼이민(F-6),"769"
금천구,여,기타(G-1),"24"
금천구,여,관광취업(H-1),"7"
금천구,여,방문취업(H-2),"3331"
금천구,여,기타,"0"
노원구,남,문화예술(D-1),"0"
노원구,남,구직(D-10),"18"
노원구,남,유학(D-2),"346"
노원구,남,기술연수(D-3),"0"
노원구,남,일반연수(D-4),"310"
노원구,남,취재(D-5),"0"
노원구,남,종교(D-6),"4"
노원구,남,주재(D-7),"1"
노원구,남,기업투자(D-8),"9"
노원구,남,무역경영(D-9),"1"
노원구,남,교수(E-1),"21"
노원구,남,선원취업(E-10),"0"
노원구,남,회화(E-2),"73"
노원구,남,연구(E-3),"7"
노원구,남,기술지도(E-4),"0"
노원구,남,전문직업(E-5),"0"
노원구,남,예술흥행(E-6),"5"
노원구,남,특정활동(E-7),"55"
노원구,남,비전문취업(E-9),"12"
노원구,남,방문동거(F-1),"90"
노원구,남,거주(F-2),"39"
노원구,남,동반(F-3),"38"
노원구,남,영주(F-5),"190"
노원구,남,결혼이민(F-6),"152"
노원구,남,기타(G-1),"9"
노원구,남,관광취업(H-1),"1"
노원구,남,방문취업(H-2),"129"
노원구,남,기타,"7"
노원구,여,문화예술(D-1),"0"
노원구,여,구직(D-10),"25"
노원구,여,유학(D-2),"371"
노원구,여,기술연수(D-3),"0"
노원구,여,일반연수(D-4),"326"
노원구,여,취재(D-5),"0"
노원구,여,종교(D-6),"5"
노원구,여,주재(D-7),"2"
노원구,여,기업투자(D-8),"0"
노원구,여,무역경영(D-9),"2"
노원구,여,교수(E-1),"11"
노원구,여,선원취업(E-10),"0"
노원구,여,회화(E-2),"75"
노원구,여,연구(E-3),"3"
노원구,여,기술지도(E-4),"0"
노원구,여,전문직업(E-5),"0"
노원구,여,예술흥행(E-6),"1"
노원구,여,특정활동(E-7),"34"
노원구,여,비전문취업(E-9),"7"
노원구,여,방문동거(F-1),"155"
노원구,여,거주(F-2),"64"
노원구,여,동반(F-3),"59"
노원구,여,영주(F-5),"357"
노원구,여,결혼이민(F-6),"533"
노원구,여,기타(G-1),"8"
노원구,여,관광취업(H-1),"9"
노원구,여,방문취업(H-2),"104"
노원구,여,기타,"4"
도봉구,남,문화예술(D-1),"0"
도봉구,남,구직(D-10),"3"
도봉구,남,유학(D-2),"34"
도봉구,남,기술연수(D-3),"0"
도봉구,남,일반연수(D-4),"34"
도봉구,남,취재(D-5),"0"
도봉구,남,종교(D-6),"3"
도봉구,남,주재(D-7),"1"
도봉구,남,기업투자(D-8),"3"
도봉구,남,무역경영(D-9),"1"
도봉구,남,교수(E-1),"1"
도봉구,남,선원취업(E-10),"0"
도봉구,남,회화(E-2),"32"
도봉구,남,연구(E-3),"1"
도봉구,남,기술지도(E-4),"0"
도봉구,남,전문직업(E-5),"0"
도봉구,남,예술흥행(E-6),"0"
도봉구,남,특정활동(E-7),"17"
도봉구,남,비전문취업(E-9),"180"
도봉구,남,방문동거(F-1),"98"
도봉구,남,거주(F-2),"33"
도봉구,남,동반(F-3),"22"
도봉구,남,영주(F-5),"115"
도봉구,남,결혼이민(F-6),"94"
도봉구,남,기타(G-1),"9"
도봉구,남,관광취업(H-1),"0"
도봉구,남,방문취업(H-2),"109"
도봉구,남,기타,"4"
도봉구,여,문화예술(D-1),"0"
도봉구,여,구직(D-10),"6"
도봉구,여,유학(D-2),"129"
도봉구,여,기술연수(D-3),"2"
도봉구,여,일반연수(D-4),"75"
도봉구,여,취재(D-5),"0"
도봉구,여,종교(D-6),"3"
도봉구,여,주재(D-7),"0"
도봉구,여,기업투자(D-8),"0"
도봉구,여,무역경영(D-9),"0"
도봉구,여,교수(E-1),"1"
도봉구,여,선원취업(E-10),"0"
도봉구,여,회화(E-2),"45"
도봉구,여,연구(E-3),"0"
도봉구,여,기술지도(E-4),"0"
도봉구,여,전문직업(E-5),"0"
도봉구,여,예술흥행(E-6),"2"
도봉구,여,특정활동(E-7),"6"
도봉구,여,비전문취업(E-9),"35"
도봉구,여,방문동거(F-1),"154"
도봉구,여,거주(F-2),"57"
도봉구,여,동반(F-3),"18"
도봉구,여,영주(F-5),"204"
도봉구,여,결혼이민(F-6),"431"
도봉구,여,기타(G-1),"11"
도봉구,여,관광취업(H-1),"4"
도봉구,여,방문취업(H-2),"87"
도봉구,여,기타,"4"
동대문구,남,문화예술(D-1),"1"
동대문구,남,구직(D-10),"123"
동대문구,남,유학(D-2),"1595"
동대문구,남,기술연수(D-3),"0"
동대문구,남,일반연수(D-4),"1351"
동대문구,남,취재(D-5),"0"
동대문구,남,종교(D-6),"18"
동대문구,남,주재(D-7),"7"
동대문구,남,기업투자(D-8),"47"
동대문구,남,무역경영(D-9),"32"
동대문구,남,교수(E-1),"63"
동대문구,남,선원취업(E-10),"1"
동대문구,남,회화(E-2),"60"
동대문구,남,연구(E-3),"61"
동대문구,남,기술지도(E-4),"0"
동대문구,남,전문직업(E-5),"0"
동대문구,남,예술흥행(E-6),"6"
동대문구,남,특정활동(E-7),"111"
동대문구,남,비전문취업(E-9),"70"
동대문구,남,방문동거(F-1),"222"
동대문구,남,거주(F-2),"207"
동대문구,남,동반(F-3),"178"
동대문구,남,영주(F-5),"588"
동대문구,남,결혼이민(F-6),"214"
동대문구,남,기타(G-1),"96"
동대문구,남,관광취업(H-1),"9"
동대문구,남,방문취업(H-2),"794"
동대문구,남,기타,"7"
동대문구,여,문화예술(D-1),"0"
동대문구,여,구직(D-10),"224"
동대문구,여,유학(D-2),"4027"
동대문구,여,기술연수(D-3),"2"
동대문구,여,일반연수(D-4),"1936"
동대문구,여,취재(D-5),"0"
동대문구,여,종교(D-6),"11"
동대문구,여,주재(D-7),"4"
동대문구,여,기업투자(D-8),"11"
동대문구,여,무역경영(D-9),"4"
동대문구,여,교수(E-1),"28"
동대문구,여,선원취업(E-10),"0"
동대문구,여,회화(E-2),"70"
동대문구,여,연구(E-3),"10"
동대문구,여,기술지도(E-4),"0"
동대문구,여,전문직업(E-5),"0"
동대문구,여,예술흥행(E-6),"10"
동대문구,여,특정활동(E-7),"89"
동대문구,여,비전문취업(E-9),"56"
동대문구,여,방문동거(F-1),"301"
동대문구,여,거주(F-2),"282"
동대문구,여,동반(F-3),"199"
동대문구,여,영주(F-5),"767"
동대문구,여,결혼이민(F-6),"636"
동대문구,여,기타(G-1),"46"
동대문구,여,관광취업(H-1),"87"
동대문구,여,방문취업(H-2),"698"
동대문구,여,기타,"5"
동작구,남,문화예술(D-1),"0"
동작구,남,구직(D-10),"49"
동작구,남,유학(D-2),"1065"
동작구,남,기술연수(D-3),"0"
동작구,남,일반연수(D-4),"390"
동작구,남,취재(D-5),"0"
동작구,남,종교(D-6),"6"
동작구,남,주재(D-7),"2"
동작구,남,기업투자(D-8),"9"
동작구,남,무역경영(D-9),"0"
동작구,남,교수(E-1),"30"
동작구,남,선원취업(E-10),"0"
동작구,남,회화(E-2),"28"
동작구,남,연구(E-3),"21"
동작구,남,기술지도(E-4),"0"
동작구,남,전문직업(E-5),"1"
동작구,남,예술흥행(E-6),"15"
동작구,남,특정활동(E-7),"111"
동작구,남,비전문취업(E-9),"37"
동작구,남,방문동거(F-1),"370"
동작구,남,거주(F-2),"251"
동작구,남,동반(F-3),"28"
동작구,남,영주(F-5),"896"
동작구,남,결혼이민(F-6),"208"
동작구,남,기타(G-1),"54"
동작구,남,관광취업(H-1),"4"
동작구,남,방문취업(H-2),"1970"
동작구,남,기타,"27"
동작구,여,문화예술(D-1),"0"
동작구,여,구직(D-10),"86"
동작구,여,유학(D-2),"1877"
동작구,여,기술연수(D-3),"0"
동작구,여,일반연수(D-4),"629"
동작구,여,취재(D-5),"0"
동작구,여,종교(D-6),"2"
동작구,여,주재(D-7),"0"
동작구,여,기업투자(D-8),"8"
동작구,여,무역경영(D-9),"0"
동작구,여,교수(E-1),"7"
동작구,여,선원취업(E-10),"0"
동작구,여,회화(E-2),"28"
동작구,여,연구(E-3),"3"
동작구,여,기술지도(E-4),"0"
동작구,여,전문직업(E-5),"0"
동작구,여,예술흥행(E-6),"2"
동작구,여,특정활동(E-7),"62"
동작구,여,비전문취업(E-9),"10"
동작구,여,방문동거(F-1),"411"
동작구,여,거주(F-2),"277"
동작구,여,동반(F-3),"64"
동작구,여,영주(F-5),"1129"
동작구,여,결혼이민(F-6),"523"
동작구,여,기타(G-1),"31"
동작구,여,관광취업(H-1),"26"
동작구,여,방문취업(H-2),"1513"
동작구,여,기타,"16"
마포구,남,문화예술(D-1),"1"
마포구,남,구직(D-10),"48"
마포구,남,유학(D-2),"479"
마포구,남,기술연수(D-3),"0"
마포구,남,일반연수(D-4),"218"
마포구,남,취재(D-5),"22"
마포구,남,종교(D-6),"22"
마포구,남,주재(D-7),"102"
마포구,남,기업투자(D-8),"324"
마포구,남,무역경영(D-9),"21"
마포구,남,교수(E-1),"53"
마포구,남,선원취업(E-10),"2"
마포구,남,회화(E-2),"106"
마포구,남,연구(E-3),"28"
마포구,남,기술지도(E-4),"0"
마포구,남,전문직업(E-5),"2"
마포구,남,예술흥행(E-6),"15"
마포구,남,특정활동(E-7),"446"
마포구,남,비전문취업(E-9),"52"
마포구,남,방문동거(F-1),"175"
마포구,남,거주(F-2),"267"
마포구,남,동반(F-3),"150"
마포구,남,영주(F-5),"765"
마포구,남,결혼이민(F-6),"220"
마포구,남,기타(G-1),"113"
마포구,남,관광취업(H-1),"51"
마포구,남,방문취업(H-2),"377"
마포구,남,기타,"250"
마포구,여,문화예술(D-1),"1"
마포구,여,구직(D-10),"165"
마포구,여,유학(D-2),"1648"
마포구,여,기술연수(D-3),"0"
마포구,여,일반연수(D-4),"701"
마포구,여,취재(D-5),"1"
마포구,여,종교(D-6),"4"
마포구,여,주재(D-7),"20"
마포구,여,기업투자(D-8),"44"
마포구,여,무역경영(D-9),"1"
마포구,여,교수(E-1),"10"
마포구,여,선원취업(E-10),"0"
마포구,여,회화(E-2),"89"
마포구,여,연구(E-3),"7"
마포구,여,기술지도(E-4),"0"
마포구,여,전문직업(E-5),"0"
마포구,여,예술흥행(E-6),"13"
마포구,여,특정활동(E-7),"424"
마포구,여,비전문취업(E-9),"22"
마포구,여,방문동거(F-1),"228"
마포구,여,거주(F-2),"288"
마포구,여,동반(F-3),"363"
마포구,여,영주(F-5),"854"
마포구,여,결혼이민(F-6),"532"
마포구,여,기타(G-1),"20"
마포구,여,관광취업(H-1),"351"
마포구,여,방문취업(H-2),"388"
마포구,여,기타,"385"
서대문구,남,문화예술(D-1),"4"
서대문구,남,구직(D-10),"50"
서대문구,남,유학(D-2),"878"
서대문구,남,기술연수(D-3),"0"
서대문구,남,일반연수(D-4),"475"
서대문구,남,취재(D-5),"4"
서대문구,남,종교(D-6),"16"
서대문구,남,주재(D-7),"38"
서대문구,남,기업투자(D-8),"61"
서대문구,남,무역경영(D-9),"7"
서대문구,남,교수(E-1),"42"
서대문구,남,선원취업(E-10),"0"
서대문구,남,회화(E-2),"66"
서대문구,남,연구(E-3),"69"
서대문구,남,기술지도(E-4),"0"
서대문구,남,전문직업(E-5),"0"
서대문구,남,예술흥행(E-6),"6"
서대문구,남,특정활동(E-7),"225"
서대문구,남,비전문취업(E-9),"16"
서대문구,남,방문동거(F-1),"145"
서대문구,남,거주(F-2),"282"
서대문구,남,동반(F-3),"125"
서대문구,남,영주(F-5),"1083"
서대문구,남,결혼이민(F-6),"149"
서대문구,남,기타(G-1),"61"
서대문구,남,관광취업(H-1),"38"
서대문구,남,방문취업(H-2),"226"
서대문구,남,기타,"40"
서대문구,여,문화예술(D-1),"2"
서대문구,여,구직(D-10),"156"
서대문구,여,유학(D-2),"3155"
서대문구,여,기술연수(D-3),"0"
서대문구,여,일반연수(D-4),"1387"
서대문구,여,취재(D-5),"1"
서대문구,여,종교(D-6),"12"
서대문구,여,주재(D-7),"8"
서대문구,여,기업투자(D-8),"20"
서대문구,여,무역경영(D-9),"1"
서대문구,여,교수(E-1),"11"
서대문구,여,선원취업(E-10),"0"
서대문구,여,회화(E-2),"97"
서대문구,여,연구(E-3),"16"
서대문구,여,기술지도(E-4),"0"
서대문구,여,전문직업(E-5),"0"
서대문구,여,예술흥행(E-6),"4"
서대문구,여,특정활동(E-7),"260"
서대문구,여,비전문취업(E-9),"17"
서대문구,여,방문동거(F-1),"214"
서대문구,여,거주(F-2),"274"
서대문구,여,동반(F-3),"222"
서대문구,여,영주(F-5),"1160"
서대문구,여,결혼이민(F-6),"385"
서대문구,여,기타(G-1),"58"
서대문구,여,관광취업(H-1),"375"
서대문구,여,방문취업(H-2),"248"
서대문구,여,기타,"39"
서초구,남,문화예술(D-1),"0"
서초구,남,구직(D-10),"26"
서초구,남,유학(D-2),"100"
서초구,남,기술연수(D-3),"0"
서초구,남,일반연수(D-4),"38"
서초구,남,취재(D-5),"1"
서초구,남,종교(D-6),"5"
서초구,남,주재(D-7),"41"
서초구,남,기업투자(D-8),"264"
서초구,남,무역경영(D-9),"7"
서초구,남,교수(E-1),"11"
서초구,남,선원취업(E-10),"0"
서초구,남,회화(E-2),"90"
서초구,남,연구(E-3),"40"
서초구,남,기술지도(E-4),"0"
서초구,남,전문직업(E-5),"1"
서초구,남,예술흥행(E-6),"14"
서초구,남,특정활동(E-7),"431"
서초구,남,비전문취업(E-9),"53"
서초구,남,방문동거(F-1),"73"
서초구,남,거주(F-2),"80"
서초구,남,동반(F-3),"240"
서초구,남,영주(F-5),"214"
서초구,남,결혼이민(F-6),"164"
서초구,남,기타(G-1),"47"
서초구,남,관광취업(H-1),"10"
서초구,남,방문취업(H-2),"192"
서초구,남,기타,"44"
서초구,여,문화예술(D-1),"1"
서초구,여,구직(D-10),"18"
서초구,여,유학(D-2),"133"
서초구,여,기술연수(D-3),"0"
서초구,여,일반연수(D-4),"34"
서초구,여,취재(D-5),"0"
서초구,여,종교(D-6),"4"
서초구,여,주재(D-7),"3"
서초구,여,기업투자(D-8),"30"
서초구,여,무역경영(D-9),"1"
서초구,여,교수(E-1),"2"
서초구,여,선원취업(E-10),"0"
서초구,여,회화(E-2),"91"
서초구,여,연구(E-3),"1"
서초구,여,기술지도(E-4),"0"
서초구,여,전문직업(E-5),"0"
서초구,여,예술흥행(E-6),"5"
서초구,여,특정활동(E-7),"118"
서초구,여,비전문취업(E-9),"12"
서초구,여,방문동거(F-1),"166"
서초구,여,거주(F-2),"97"
서초구,여,동반(F-3),"483"
서초구,여,영주(F-5),"309"
서초구,여,결혼이민(F-6),"292"
서초구,여,기타(G-1),"47"
서초구,여,관광취업(H-1),"19"
서초구,여,방문취업(H-2),"217"
서초구,여,기타,"30"
성동구,남,문화예술(D-1),"2"
성동구,남,구직(D-10),"39"
성동구,남,유학(D-2),"778"
성동구,남,기술연수(D-3),"1"
성동구,남,일반연수(D-4),"239"
성동구,남,취재(D-5),"1"
성동구,남,종교(D-6),"2"
성동구,남,주재(D-7),"8"
성동구,남,기업투자(D-8),"34"
성동구,남,무역경영(D-9),"7"
성동구,남,교수(E-1),"23"
성동구,남,선원취업(E-10),"0"
성동구,남,회화(E-2),"42"
성동구,남,연구(E-3),"45"
성동구,남,기술지도(E-4),"0"
성동구,남,전문직업(E-5),"1"
성동구,남,예술흥행(E-6),"13"
성동구,남,특정활동(E-7),"137"
성동구,남,비전문취업(E-9),"350"
성동구,남,방문동거(F-1),"208"
성동구,남,거주(F-2),"128"
성동구,남,동반(F-3),"80"
성동구,남,영주(F-5),"517"
성동구,남,결혼이민(F-6),"197"
성동구,남,기타(G-1),"26"
성동구,남,관광취업(H-1),"4"
성동구,남,방문취업(H-2),"801"
성동구,남,기타,"26"
성동구,여,문화예술(D-1),"0"
성동구,여,구직(D-10),"79"
성동구,여,유학(D-2),"1180"
성동구,여,기술연수(D-3),"0"
성동구,여,일반연수(D-4),"295"
성동구,여,취재(D-5),"0"
성동구,여,종교(D-6),"2"
성동구,여,주재(D-7),"3"
성동구,여,기업투자(D-8),"9"
성동구,여,무역경영(D-9),"0"
성동구,여,교수(E-1),"4"
성동구,여,선원취업(E-10),"0"
성동구,여,회화(E-2),"56"
성동구,여,연구(E-3),"14"
성동구,여,기술지도(E-4),"0"
성동구,여,전문직업(E-5),"0"
성동구,여,예술흥행(E-6),"9"
성동구,여,특정활동(E-7),"55"
성동구,여,비전문취업(E-9),"56"
성동구,여,방문동거(F-1),"270"
성동구,여,거주(F-2),"203"
성동구,여,동반(F-3),"129"
성동구,여,영주(F-5),"621"
성동구,여,결혼이민(F-6),"473"
성동구,여,기타(G-1),"4"
성동구,여,관광취업(H-1),"17"
성동구,여,방문취업(H-2),"702"
성동구,여,기타,"13"
성북구,남,문화예술(D-1),"1"
성북구,남,구직(D-10),"79"
성북구,남,유학(D-2),"1626"
성북구,남,기술연수(D-3),"0"
성북구,남,일반연수(D-4),"911"
성북구,남,취재(D-5),"0"
성북구,남,종교(D-6),"51"
성북구,남,주재(D-7),"6"
성북구,남,기업투자(D-8),"40"
성북구,남,무역경영(D-9),"5"
성북구,남,교수(E-1),"66"
성북구,남,선원취업(E-10),"0"
성북구,남,회화(E-2),"62"
성북구,남,연구(E-3),"63"
성북구,남,기술지도(E-4),"0"
성북구,남,전문직업(E-5),"0"
성북구,남,예술흥행(E-6),"4"
성북구,남,특정활동(E-7),"116"
성북구,남,비전문취업(E-9),"60"
성북구,남,방문동거(F-1),"203"
성북구,남,거주(F-2),"131"
성북구,남,동반(F-3),"169"
성북구,남,영주(F-5),"385"
성북구,남,결혼이민(F-6),"164"
성북구,남,기타(G-1),"55"
성북구,남,관광취업(H-1),"6"
성북구,남,방문취업(H-2),"286"
성북구,남,기타,"58"
성북구,여,문화예술(D-1),"3"
성북구,여,구직(D-10),"123"
성북구,여,유학(D-2),"3019"
성북구,여,기술연수(D-3),"0"
성북구,여,일반연수(D-4),"1166"
성북구,여,취재(D-5),"0"
성북구,여,종교(D-6),"30"
성북구,여,주재(D-7),"1"
성북구,여,기업투자(D-8),"9"
성북구,여,무역경영(D-9),"4"
성북구,여,교수(E-1),"16"
성북구,여,선원취업(E-10),"0"
성북구,여,회화(E-2),"85"
성북구,여,연구(E-3),"16"
성북구,여,기술지도(E-4),"0"
성북구,여,전문직업(E-5),"0"
성북구,여,예술흥행(E-6),"4"
성북구,여,특정활동(E-7),"52"
성북구,여,비전문취업(E-9),"42"
성북구,여,방문동거(F-1),"315"
성북구,여,거주(F-2),"213"
성북구,여,동반(F-3),"253"
성북구,여,영주(F-5),"482"
성북구,여,결혼이민(F-6),"622"
성북구,여,기타(G-1),"43"
성북구,여,관광취업(H-1),"39"
성북구,여,방문취업(H-2),"234"
성북구,여,기타,"34"
송파구,남,문화예술(D-1),"0"
송파구,남,구직(D-10),"24"
송파구,남,유학(D-2),"44"
송파구,남,기술연수(D-3),"1"
송파구,남,일반연수(D-4),"40"
송파구,남,취재(D-5),"0"
송파구,남,종교(D-6),"71"
송파구,남,주재(D-7),"11"
송파구,남,기업투자(D-8),"112"
송파구,남,무역경영(D-9),"2"
송파구,남,교수(E-1),"7"
송파구,남,선원취업(E-10),"0"
송파구,남,회화(E-2),"74"
송파구,남,연구(E-3),"6"
송파구,남,기술지도(E-4),"0"
송파구,남,전문직업(E-5),"2"
송파구,남,예술흥행(E-6),"42"
송파구,남,특정활동(E-7),"184"
송파구,남,비전문취업(E-9),"262"
송파구,남,방문동거(F-1),"266"
송파구,남,거주(F-2),"158"
송파구,남,동반(F-3),"48"
송파구,남,영주(F-5),"554"
송파구,남,결혼이민(F-6),"222"
송파구,남,기타(G-1),"22"
송파구,남,관광취업(H-1),"4"
송파구,남,방문취업(H-2),"1094"
송파구,남,기타,"10"
송파구,여,문화예술(D-1),"0"
송파구,여,구직(D-10),"12"
송파구,여,유학(D-2),"45"
송파구,여,기술연수(D-3),"1"
송파구,여,일반연수(D-4),"25"
송파구,여,취재(D-5),"0"
송파구,여,종교(D-6),"36"
송파구,여,주재(D-7),"1"
송파구,여,기업투자(D-8),"9"
송파구,여,무역경영(D-9),"0"
송파구,여,교수(E-1),"0"
송파구,여,선원취업(E-10),"0"
송파구,여,회화(E-2),"161"
송파구,여,연구(E-3),"0"
송파구,여,기술지도(E-4),"0"
송파구,여,전문직업(E-5),"0"
송파구,여,예술흥행(E-6),"48"
송파구,여,특정활동(E-7),"55"
송파구,여,비전문취업(E-9),"17"
송파구,여,방문동거(F-1),"357"
송파구,여,거주(F-2),"169"
송파구,여,동반(F-3),"99"
송파구,여,영주(F-5),"735"
송파구,여,결혼이민(F-6),"675"
송파구,여,기타(G-1),"15"
송파구,여,관광취업(H-1),"20"
송파구,여,방문취업(H-2),"932"
송파구,여,기타,"5"
양천구,남,문화예술(D-1),"0"
양천구,남,구직(D-10),"11"
양천구,남,유학(D-2),"11"
양천구,남,기술연수(D-3),"2"
양천구,남,일반연수(D-4),"9"
양천구,남,취재(D-5),"0"
양천구,남,종교(D-6),"3"
양천구,남,주재(D-7),"3"
양천구,남,기업투자(D-8),"8"
양천구,남,무역경영(D-9),"1"
양천구,남,교수(E-1),"3"
양천구,남,선원취업(E-10),"0"
양천구,남,회화(E-2),"54"
양천구,남,연구(E-3),"2"
양천구,남,기술지도(E-4),"0"
양천구,남,전문직업(E-5),"0"
양천구,남,예술흥행(E-6),"4"
양천구,남,특정활동(E-7),"38"
양천구,남,비전문취업(E-9),"84"
양천구,남,방문동거(F-1),"213"
양천구,남,거주(F-2),"96"
양천구,남,동반(F-3),"4"
양천구,남,영주(F-5),"428"
양천구,남,결혼이민(F-6),"179"
양천구,남,기타(G-1),"28"
양천구,남,관광취업(H-1),"2"
양천구,남,방문취업(H-2),"575"
양천구,남,기타,"3"
양천구,여,문화예술(D-1),"0"
양천구,여,구직(D-10),"6"
양천구,여,유학(D-2),"24"
양천구,여,기술연수(D-3),"4"
양천구,여,일반연수(D-4),"18"
양천구,여,취재(D-5),"0"
양천구,여,종교(D-6),"4"
양천구,여,주재(D-7),"0"
양천구,여,기업투자(D-8),"0"
양천구,여,무역경영(D-9),"0"
양천구,여,교수(E-1),"1"
양천구,여,선원취업(E-10),"0"
양천구,여,회화(E-2),"65"
양천구,여,연구(E-3),"0"
양천구,여,기술지도(E-4),"1"
양천구,여,전문직업(E-5),"0"
양천구,여,예술흥행(E-6),"1"
양천구,여,특정활동(E-7),"12"
양천구,여,비전문취업(E-9),"18"
양천구,여,방문동거(F-1),"268"
양천구,여,거주(F-2),"122"
양천구,여,동반(F-3),"15"
양천구,여,영주(F-5),"554"
양천구,여,결혼이민(F-6),"565"
양천구,여,기타(G-1),"13"
양천구,여,관광취업(H-1),"7"
양천구,여,방문취업(H-2),"404"
양천구,여,기타,"1"
영등포구,남,문화예술(D-1),"0"
영등포구,남,구직(D-10),"52"
영등포구,남,유학(D-2),"93"
영등포구,남,기술연수(D-3),"1"
영등포구,남,일반연수(D-4),"38"
영등포구,남,취재(D-5),"1"
영등포구,남,종교(D-6),"9"
영등포구,남,주재(D-7),"30"
영등포구,남,기업투자(D-8),"87"
영등포구,남,무역경영(D-9),"6"
영등포구,남,교수(E-1),"8"
영등포구,남,선원취업(E-10),"0"
영등포구,남,회화(E-2),"37"
영등포구,남,연구(E-3),"2"
영등포구,남,기술지도(E-4),"0"
영등포구,남,전문직업(E-5),"1"
영등포구,남,예술흥행(E-6),"5"
영등포구,남,특정활동(E-7),"217"
영등포구,남,비전문취업(E-9),"205"
영등포구,남,방문동거(F-1),"1669"
영등포구,남,거주(F-2),"859"
영등포구,남,동반(F-3),"24"
영등포구,남,영주(F-5),"4034"
영등포구,남,결혼이민(F-6),"714"
영등포구,남,기타(G-1),"190"
영등포구,남,관광취업(H-1),"8"
영등포구,남,방문취업(H-2),"10076"
영등포구,남,기타,"59"
영등포구,여,문화예술(D-1),"0"
영등포구,여,구직(D-10),"80"
영등포구,여,유학(D-2),"220"
영등포구,여,기술연수(D-3),"1"
영등포구,여,일반연수(D-4),"53"
영등포구,여,취재(D-5),"0"
영등포구,여,종교(D-6),"2"
영등포구,여,주재(D-7),"5"
영등포구,여,기업투자(D-8),"18"
영등포구,여,무역경영(D-9),"2"
영등포구,여,교수(E-1),"0"
영등포구,여,선원취업(E-10),"0"
영등포구,여,회화(E-2),"52"
영등포구,여,연구(E-3),"0"
영등포구,여,기술지도(E-4),"0"
영등포구,여,전문직업(E-5),"0"
영등포구,여,예술흥행(E-6),"14"
영등포구,여,특정활동(E-7),"103"
영등포구,여,비전문취업(E-9),"15"
영등포구,여,방문동거(F-1),"1978"
영등포구,여,거주(F-2),"957"
영등포구,여,동반(F-3),"73"
영등포구,여,영주(F-5),"3986"
영등포구,여,결혼이민(F-6),"1035"
영등포구,여,기타(G-1),"35"
영등포구,여,관광취업(H-1),"64"
영등포구,여,방문취업(H-2),"6303"
영등포구,여,기타,"53"
용산구,남,문화예술(D-1),"0"
용산구,남,구직(D-10),"65"
용산구,남,유학(D-2),"220"
용산구,남,기술연수(D-3),"0"
용산구,남,일반연수(D-4),"163"
용산구,남,취재(D-5),"19"
용산구,남,종교(D-6),"33"
용산구,남,주재(D-7),"156"
용산구,남,기업투자(D-8),"871"
용산구,남,무역경영(D-9),"117"
용산구,남,교수(E-1),"79"
용산구,남,선원취업(E-10),"0"
용산구,남,회화(E-2),"295"
용산구,남,연구(E-3),"29"
용산구,남,기술지도(E-4),"0"
용산구,남,전문직업(E-5),"1"
용산구,남,예술흥행(E-6),"29"
용산구,남,특정활동(E-7),"710"
용산구,남,비전문취업(E-9),"43"
용산구,남,방문동거(F-1),"304"
용산구,남,거주(F-2),"237"
용산구,남,동반(F-3),"795"
용산구,남,영주(F-5),"481"
용산구,남,결혼이민(F-6),"390"
용산구,남,기타(G-1),"1578"
용산구,남,관광취업(H-1),"29"
용산구,남,방문취업(H-2),"406"
용산구,남,기타,"1495"
용산구,여,문화예술(D-1),"0"
용산구,여,구직(D-10),"106"
용산구,여,유학(D-2),"474"
용산구,여,기술연수(D-3),"0"
용산구,여,일반연수(D-4),"158"
용산구,여,취재(D-5),"3"
용산구,여,종교(D-6),"12"
용산구,여,주재(D-7),"14"
용산구,여,기업투자(D-8),"70"
용산구,여,무역경영(D-9),"9"
용산구,여,교수(E-1),"31"
용산구,여,선원취업(E-10),"0"
용산구,여,회화(E-2),"240"
용산구,여,연구(E-3),"2"
용산구,여,기술지도(E-4),"0"
용산구,여,전문직업(E-5),"0"
용산구,여,예술흥행(E-6),"31"
용산구,여,특정활동(E-7),"277"
용산구,여,비전문취업(E-9),"17"
용산구,여,방문동거(F-1),"597"
용산구,여,거주(F-2),"214"
용산구,여,동반(F-3),"1562"
용산구,여,영주(F-5),"561"
용산구,여,결혼이민(F-6),"409"
용산구,여,기타(G-1),"184"
용산구,여,관광취업(H-1),"67"
용산구,여,방문취업(H-2),"368"
용산구,여,기타,"1332"
은평구,남,문화예술(D-1),"0"
은평구,남,구직(D-10),"15"
은평구,남,유학(D-2),"54"
은평구,남,기술연수(D-3),"0"
은평구,남,일반연수(D-4),"139"
은평구,남,취재(D-5),"0"
은평구,남,종교(D-6),"4"
은평구,남,주재(D-7),"3"
은평구,남,기업투자(D-8),"11"
은평구,남,무역경영(D-9),"3"
은평구,남,교수(E-1),"6"
은평구,남,선원취업(E-10),"0"
은평구,남,회화(E-2),"36"
은평구,남,연구(E-3),"0"
은평구,남,기술지도(E-4),"0"
은평구,남,전문직업(E-5),"0"
은평구,남,예술흥행(E-6),"3"
은평구,남,특정활동(E-7),"111"
은평구,남,비전문취업(E-9),"109"
은평구,남,방문동거(F-1),"185"
은평구,남,거주(F-2),"139"
은평구,남,동반(F-3),"31"
은평구,남,영주(F-5),"523"
은평구,남,결혼이민(F-6),"167"
은평구,남,기타(G-1),"16"
은평구,남,관광취업(H-1),"4"
은평구,남,방문취업(H-2),"309"
은평구,남,기타,"2"
은평구,여,문화예술(D-1),"1"
은평구,여,구직(D-10),"22"
은평구,여,유학(D-2),"92"
은평구,여,기술연수(D-3),"0"
은평구,여,일반연수(D-4),"123"
은평구,여,취재(D-5),"0"
은평구,여,종교(D-6),"3"
은평구,여,주재(D-7),"0"
은평구,여,기업투자(D-8),"1"
은평구,여,무역경영(D-9),"0"
은평구,여,교수(E-1),"3"
은평구,여,선원취업(E-10),"0"
은평구,여,회화(E-2),"31"
은평구,여,연구(E-3),"1"
은평구,여,기술지도(E-4),"0"
은평구,여,전문직업(E-5),"0"
은평구,여,예술흥행(E-6),"1"
은평구,여,특정활동(E-7),"52"
은평구,여,비전문취업(E-9),"11"
은평구,여,방문동거(F-1),"280"
은평구,여,거주(F-2),"148"
은평구,여,동반(F-3),"55"
은평구,여,영주(F-5),"724"
은평구,여,결혼이민(F-6),"690"
은평구,여,기타(G-1),"6"
은평구,여,관광취업(H-1),"26"
은평구,여,방문취업(H-2),"262"
은평구,여,기타,"6"
종로구,남,문화예술(D-1),"1"
종로구,남,구직(D-10),"63"
종로구,남,유학(D-2),"890"
종로구,남,기술연수(D-3),"0"
종로구,남,일반연수(D-4),"548"
종로구,남,취재(D-5),"8"
종로구,남,종교(D-6),"105"
종로구,남,주재(D-7),"48"
종로구,남,기업투자(D-8),"107"
종로구,남,무역경영(D-9),"40"
종로구,남,교수(E-1),"26"
종로구,남,선원취업(E-10),"0"
종로구,남,회화(E-2),"33"
종로구,남,연구(E-3),"4"
종로구,남,기술지도(E-4),"0"
종로구,남,전문직업(E-5),"0"
종로구,남,예술흥행(E-6),"35"
종로구,남,특정활동(E-7),"302"
종로구,남,비전문취업(E-9),"80"
종로구,남,방문동거(F-1),"142"
종로구,남,거주(F-2),"150"
종로구,남,동반(F-3),"105"
종로구,남,영주(F-5),"347"
종로구,남,결혼이민(F-6),"129"
종로구,남,기타(G-1),"93"
종로구,남,관광취업(H-1),"9"
종로구,남,방문취업(H-2),"577"
종로구,남,기타,"285"
종로구,여,문화예술(D-1),"2"
종로구,여,구직(D-10),"93"
종로구,여,유학(D-2),"2098"
종로구,여,기술연수(D-3),"0"
종로구,여,일반연수(D-4),"623"
종로구,여,취재(D-5),"3"
종로구,여,종교(D-6),"57"
종로구,여,주재(D-7),"19"
종로구,여,기업투자(D-8),"19"
종로구,여,무역경영(D-9),"8"
종로구,여,교수(E-1),"5"
종로구,여,선원취업(E-10),"0"
종로구,여,회화(E-2),"23"
종로구,여,연구(E-3),"2"
종로구,여,기술지도(E-4),"0"
종로구,여,전문직업(E-5),"0"
종로구,여,예술흥행(E-6),"19"
종로구,여,특정활동(E-7),"140"
종로구,여,비전문취업(E-9),"17"
종로구,여,방문동거(F-1),"232"
종로구,여,거주(F-2),"163"
종로구,여,동반(F-3),"218"
종로구,여,영주(F-5),"402"
종로구,여,결혼이민(F-6),"266"
종로구,여,기타(G-1),"32"
종로구,여,관광취업(H-1),"65"
종로구,여,방문취업(H-2),"603"
종로구,여,기타,"251"
중구,남,문화예술(D-1),"0"
중구,남,구직(D-10),"44"
중구,남,유학(D-2),"462"
중구,남,기술연수(D-3),"0"
중구,남,일반연수(D-4),"287"
중구,남,취재(D-5),"8"
중구,남,종교(D-6),"7"
중구,남,주재(D-7),"75"
중구,남,기업투자(D-8),"184"
중구,남,무역경영(D-9),"25"
중구,남,교수(E-1),"29"
중구,남,선원취업(E-10),"0"
중구,남,회화(E-2),"16"
중구,남,연구(E-3),"8"
중구,남,기술지도(E-4),"0"
중구,남,전문직업(E-5),"1"
중구,남,예술흥행(E-6),"2"
중구,남,특정활동(E-7),"288"
중구,남,비전문취업(E-9),"82"
중구,남,방문동거(F-1),"237"
중구,남,거주(F-2),"206"
중구,남,동반(F-3),"122"
중구,남,영주(F-5),"576"
중구,남,결혼이민(F-6),"119"
중구,남,기타(G-1),"143"
중구,남,관광취업(H-1),"4"
중구,남,방문취업(H-2),"792"
중구,남,기타,"367"
중구,여,문화예술(D-1),"0"
중구,여,구직(D-10),"73"
중구,여,유학(D-2),"981"
중구,여,기술연수(D-3),"0"
중구,여,일반연수(D-4),"519"
중구,여,취재(D-5),"1"
중구,여,종교(D-6),"17"
중구,여,주재(D-7),"28"
중구,여,기업투자(D-8),"49"
중구,여,무역경영(D-9),"20"
중구,여,교수(E-1),"6"
중구,여,선원취업(E-10),"0"
중구,여,회화(E-2),"17"
중구,여,연구(E-3),"1"
중구,여,기술지도(E-4),"1"
중구,여,전문직업(E-5),"0"
중구,여,예술흥행(E-6),"4"
중구,여,특정활동(E-7),"109"
중구,여,비전문취업(E-9),"39"
중구,여,방문동거(F-1),"312"
중구,여,거주(F-2),"229"
중구,여,동반(F-3),"242"
중구,여,영주(F-5),"582"
중구,여,결혼이민(F-6),"285"
중구,여,기타(G-1),"86"
중구,여,관광취업(H-1),"52"
중구,여,방문취업(H-2),"877"
중구,여,기타,"270"
중랑구,남,문화예술(D-1),"0"
중랑구,남,구직(D-10),"27"
중랑구,남,유학(D-2),"80"
중랑구,남,기술연수(D-3),"0"
중랑구,남,일반연수(D-4),"152"
중랑구,남,취재(D-5),"0"
중랑구,남,종교(D-6),"2"
중랑구,남,주재(D-7),"1"
중랑구,남,기업투자(D-8),"7"
중랑구,남,무역경영(D-9),"3"
중랑구,남,교수(E-1),"2"
중랑구,남,선원취업(E-10),"0"
중랑구,남,회화(E-2),"21"
중랑구,남,연구(E-3),"1"
중랑구,남,기술지도(E-4),"0"
중랑구,남,전문직업(E-5),"0"
중랑구,남,예술흥행(E-6),"0"
중랑구,남,특정활동(E-7),"25"
중랑구,남,비전문취업(E-9),"59"
중랑구,남,방문동거(F-1),"190"
중랑구,남,거주(F-2),"88"
중랑구,남,동반(F-3),"162"
중랑구,남,영주(F-5),"335"
중랑구,남,결혼이민(F-6),"135"
중랑구,남,기타(G-1),"29"
중랑구,남,관광취업(H-1),"1"
중랑구,남,방문취업(H-2),"479"
중랑구,남,기타,"1"
중랑구,여,문화예술(D-1),"0"
중랑구,여,구직(D-10),"41"
중랑구,여,유학(D-2),"180"
중랑구,여,기술연수(D-3),"0"
중랑구,여,일반연수(D-4),"180"
중랑구,여,취재(D-5),"0"
중랑구,여,종교(D-6),"1"
중랑구,여,주재(D-7),"0"
중랑구,여,기업투자(D-8),"2"
중랑구,여,무역경영(D-9),"5"
중랑구,여,교수(E-1),"0"
중랑구,여,선원취업(E-10),"0"
중랑구,여,회화(E-2),"24"
중랑구,여,연구(E-3),"1"
중랑구,여,기술지도(E-4),"0"
중랑구,여,전문직업(E-5),"0"
중랑구,여,예술흥행(E-6),"0"
중랑구,여,특정활동(E-7),"21"
중랑구,여,비전문취업(E-9),"30"
중랑구,여,방문동거(F-1),"298"
중랑구,여,거주(F-2),"129"
중랑구,여,동반(F-3),"114"
중랑구,여,영주(F-5),"531"
중랑구,여,결혼이민(F-6),"710"
중랑구,여,기타(G-1),"12"
중랑구,여,관광취업(H-1),"10"
중랑구,여,방문취업(H-2),"463"
중랑구,여,기타,"2"
